{"rotation_matrix" : [0.742076, -0.00934627, -0.670251, 0.0146604, 0.99989, 0.00228849, 0.670156, -0.0115244, 0.742131], "translation_matrix" : [217.826, -1.03925, 110.726], "homo_matrix" : [0.742076, -0.00934627, -0.670251, 217.826, 0.0146604, 0.99989, 0.00228849, -1.03925, 0.670156, -0.0115244, 0.742131, 110.726, 0, 0, 0, 1]}