{"rotation_matrix" : [0.735034, 0.000961043, -0.67803, 0.018714, 0.999589, 0.0217042, 0.677772, -0.028642, 0.734714], "translation_matrix" : [305.829, 7.12194, 130.317]}