{"rotation_matrix" : [0.677468, 0.0282719, -0.735009, 0.0117996, 0.998715, 0.0492911, 0.735458, -0.0420659, 0.676264], "translation_matrix" : [263.016, -4.34625, 162.305], "homo_matrix" : [0.677468, 0.0282719, -0.735009, 263.016, 0.0117996, 0.998715, 0.0492911, -4.34625, 0.735458, -0.0420659, 0.676264, 162.305, 0, 0, 0, 1]}