{"rotation_matrix" : [0.78001, 0.0167575, -0.625543, 0.00332666, 0.999516, 0.0309239, 0.625758, -0.0262019, 0.779577], "translation_matrix" : [282.72, -5.29228, 148.046], "homo_matrix" : [0.78001, 0.0167575, -0.625543, 282.72, 0.00332666, 0.999516, 0.0309239, -5.29228, 0.625758, -0.0262019, 0.779577, 148.046, 0, 0, 0, 1]}