{"rotation_matrix" : [0.92848, -0.0162938, -0.371025, 0.0229463, 0.999645, 0.0135227, 0.370673, -0.0210692, 0.928524], "translation_matrix" : [111.548, 2.03482, 34.3026], "homo_matrix" : [0.92848, -0.0162938, -0.371025, 111.548, 0.0229463, 0.999645, 0.0135227, 2.03482, 0.370673, -0.0210692, 0.928524, 34.3026, 0, 0, 0, 1]}