{"rotation_matrix" : [0.60684, 0.0151136, -0.79468, 0.0432677, 0.997709, 0.0520153, 0.793645, -0.065949, 0.604796], "translation_matrix" : [268.212, 6.04737, 178.77], "homo_matrix" : [0.60684, 0.0151136, -0.79468, 268.212, 0.0432677, 0.997709, 0.0520153, 6.04737, 0.793645, -0.065949, 0.604796, 178.77, 0, 0, 0, 1]}