{
	"class_name" : "PinholeCameraParameters",
	"extrinsic" : 
	[
		0.9717274383903487,
		0.070571245010361411,
		0.22531197228957628,
		0.0,
		-0.080211744844860738,
		0.99620080272854494,
		0.033912190019897162,
		0.0,
		-0.22206274218849548,
		-0.051026071970025226,
		0.97369629685597336,
		0.0,
		-0.20145197240468526,
		0.14561626431054148,
		0.74461664759693824,
		1.0
	],
	"intrinsic" : 
	{
		"height" : 1061,
		"intrinsic_matrix" : 
		[
			918.85295341528945,
			0.0,
			0.0,
			0.0,
			918.85295341528945,
			0.0,
			959.5,
			530.0,
			1.0
		],
		"width" : 1920
	},
	"version_major" : 1,
	"version_minor" : 0
}